nome_bairro,cd_distrito,tipo_osm,latitude,longitude
Aclimação,49,suburb,-23.5671021,-46.6268011
Água Branca,48,suburb,-23.5117516,-46.7021626
Água Fria,70,suburb,-23.4817879,-46.6249900
Água Rasa,1,suburb,-23.5661088,-46.5707669
Alto Alegre,33,neighbourhood,-23.6133950,-46.4317462
Alto da Lapa,48,neighbourhood,-23.5273913,-46.7130594
Alto de Pinheiros,2,suburb,-23.5499064,-46.7076422
Alto de Santana,70,suburb,-23.4887815,-46.6300515
Alto do Rivieira,43,suburb,-23.6993644,-46.7617207
Anhanguera,3,suburb,-23.4209929,-46.8079644
Aricanduva,4,suburb,-23.5780239,-46.5114540
Artur Alvim,5,suburb,-23.5404687,-46.4897914
Bairro da Coroa,86,suburb,-23.5190497,-46.6130701
Bairro da Luz,9,suburb,-23.5336388,-46.6319611
Bairro Siciliano,48,suburb,-23.5343382,-46.6983219
Bancários,25,quarter,-23.6023000,-46.4046221
Barra Funda,6,suburb,-23.5210941,-46.6736608
Barro Branco,25,quarter,-23.5827527,-46.3926763
Bela Aliança,88,suburb,-23.5248526,-46.7225147
Bela Vista,7,suburb,-23.5601219,-46.6500338
Belém,8,suburb,-23.5348833,-46.5949387
Bixiga,7,suburb,-23.5577085,-46.6468132
Boaçava,2,suburb,-23.5403130,-46.7226097
Bom Retiro,9,suburb,-23.5251634,-46.6381644
Bortolândia,81,suburb,-23.4546742,-46.5984420
Bosque da Saúde,27,suburb,-23.6094152,-46.6251697
Brás,10,suburb,-23.5429572,-46.6172504
Brasilândia,11,suburb,-23.4649661,-46.6913891
Brooklin Novo,35,suburb,-23.6214866,-46.6883182
Brooklin Velho,15,suburb,-23.6271355,-46.6801055
Burgo Paulista,64,suburb,-23.5253848,-46.4823717
Buritizinho,47,quarter,-23.5836108,-46.4234562
Butantã,12,suburb,-23.5693582,-46.7278225
Caboré - Vila Gil,47,quarter,-23.5922311,-46.4373311
Cachoeirinha,13,suburb,-23.4630177,-46.6610721
Cambuci,14,suburb,-23.5673017,-46.6184710
Campinha,16,quarter,-23.6753654,-46.6849086
Campo Belo,15,suburb,-23.6299339,-46.6704170
Campo Grande,16,quarter,-23.6722214,-46.6846280
Campo Limpo,17,suburb,-23.6361999,-46.7627968
Campos Elísios,69,suburb,-23.5320539,-46.6477400
Cangaíba,18,suburb,-23.5058996,-46.5314253
Canindé,56,suburb,-23.5269919,-46.6205256
Capão Redondo,19,suburb,-23.6710997,-46.7798413
Carandiru,70,suburb,-23.5122768,-46.6256481
Casa Verde,21,suburb,-23.5059269,-46.6561379
Casa Verde Alta,21,suburb,-23.4976980,-46.6565761
Casa Verde Baixa,21,quarter,-23.5104860,-46.6571046
Caxingui,12,suburb,-23.5804466,-46.7165496
Cerqueira César,45,suburb,-23.5610386,-46.6657633
Chacara Cruzeiro do Sul,18,suburb,-23.5107749,-46.5340548
Chácara Dona Olivia,36,quarter,-23.5132484,-46.3882878
Chácara Everest,65,suburb,-23.5952396,-46.8070705
Chácara Flora,71,suburb,-23.6467650,-46.6854358
Chácara Inglesa,77,suburb,-23.6083070,-46.6323198
Chácara Jaraguá,3,suburb,-23.4380214,-46.7912194
Chácara Monte Alegre,71,suburb,-23.6443730,-46.6769894
Chácara Nani,43,quarter,-23.7092582,-46.7916925
Chácara Santa Maria,43,suburb,-23.6954378,-46.7935638
Chácara Santo Antônio,71,suburb,-23.6298197,-46.7038751
Chacára Três Meninas,44,neighbourhood,-23.4745691,-46.4255970
Cidade Ademar,22,suburb,-23.6730116,-46.6552806
Cidade Antônio Estêvão de Carvalho,37,suburb,-23.5354377,-46.4699282
Cidade Domitila,38,quarter,-23.6628425,-46.6483528
Cidade Dutra,23,suburb,-23.7139643,-46.6990882
Cidade Ipava,43,suburb,-23.7242658,-46.7627688
Cidade Jardim,54,suburb,-23.5898336,-46.6990243
Cidade Líder,24,suburb,-23.5627696,-46.4943334
Cidade Patriarca,91,suburb,-23.5390931,-46.5039285
Cidade Tiradentes,25,suburb,-23.5801711,-46.3970559
Cidade Vargas,38,suburb,-23.6463946,-46.6361930
City América,95,neighbourhood,-23.4994224,-46.7334067
City Jaraguá,42,suburb,-23.4385795,-46.7343069
City Pinheirinho,63,neighbourhood,-23.4822822,-46.7353022
Cohab Monet,19,quarter,-23.6478026,-46.7891447
Cohab Taipas 1,42,neighbourhood,-23.4435012,-46.7156719
Comunidade Corrego Jaboticabal,68,quarter,-23.6424831,-46.6035071
Comunidade Jardim das Palmas,83,quarter,-23.6202329,-46.7455800
Comunidade Travinhas,83,suburb,-23.6273551,-46.7275293
Conjunto Habitacional Padre Manoel da Nobrega,5,suburb,-23.5454002,-46.4790104
Conjunto Habitacional Teotônio Vilela,76,suburb,-23.6060541,-46.5036559
Conjunto Inácio Monteiro,25,quarter,-23.5712893,-46.4044867
Conjunto Promorar Raposo Tavares,65,quarter,-23.5869391,-46.7993803
Conjuto Habitacional Turistica,95,quarter,-23.4749971,-46.7566895
Consolação,26,suburb,-23.5492405,-46.6601294
Cursino,27,suburb,-23.6352930,-46.6213002
Engenheiro Goulart,18,suburb,-23.5004492,-46.5278160
Ermelino Matarazzo,28,suburb,-23.4902552,-46.4824048
Favela CEU Atlantica,95,quarter,-23.4817822,-46.7632395
Fazenda da Juta,76,suburb,-23.6199234,-46.4902795
Fazenda do Carmo,47,quarter,-23.5655942,-46.4231457
Ferreira,94,quarter,-23.5914253,-46.7365850
Ferroviários,25,quarter,-23.5989536,-46.3950730
Fortaleza,33,neighbourhood,-23.6062382,-46.4388058
Freguesia do Ó,29,suburb,-23.4874636,-46.6951317
Furnas,81,suburb,-23.4431295,-46.5935700
Glicério,78,suburb,-23.5530554,-46.6290085
Gráficos,25,quarter,-23.6086694,-46.3994266
Grand Reserva Paulista,63,neighbourhood,-23.5015989,-46.7196339
Granja Julieta,71,suburb,-23.6358906,-46.7057896
Guaianases,31,suburb,-23.5522554,-46.4069533
Higienópolis,26,suburb,-23.5442937,-46.6544499
Horto Florestal,81,suburb,-23.4543776,-46.6287381
Iguaçu,76,suburb,-23.6130815,-46.5218753
Iguatemi,33,suburb,-23.6110664,-46.4250404
Imirim,70,suburb,-23.4910951,-46.6470601
Inácio Monteiro,25,quarter,-23.5716262,-46.3999280
Indianópolis,32,suburb,-23.6074637,-46.6689221
Interlagos,79,suburb,-23.7011674,-46.7082912
Ipiranga,34,suburb,-23.5945353,-46.6026685
Itaim Bibi,35,suburb,-23.5843807,-46.6784441
Itaim Paulista,36,suburb,-23.5017648,-46.3996091
Itaquera,37,suburb,-23.5360799,-46.4555099
Jabaquara,38,suburb,-23.6487101,-46.6454510
Jaçanã,39,suburb,-23.4629935,-46.5824430
Jaguara,40,suburb,-23.5138230,-46.7472338
Jaguaré,41,suburb,-23.5492216,-46.7440686
Jaraguá,42,suburb,-23.4556820,-46.7395122
Jardim Almanara,11,quarter,-23.4745802,-46.6750343
Jardim Alpino,23,quarter,-23.7462103,-46.7113451
Jardim Alvorada,19,neighbourhood,-23.6642170,-46.7840623
Jardim Amaralina,65,suburb,-23.6042040,-46.7986354
Jardim Amélia,19,neighbourhood,-23.6672534,-46.7885998
Jardim América,45,neighbourhood,-23.5696360,-46.6720116
Jardim América da Penha,59,quarter,-23.5186790,-46.5532763
Jardim Anália Franco,85,suburb,-23.5557765,-46.5622613
Jardim Ângela,43,suburb,-23.7125278,-46.7687195
Jardim Apurá,58,suburb,-23.7123738,-46.6584285
Jardim Aracati,43,suburb,-23.7223392,-46.7719212
Jardim Arantes,33,quarter,-23.6229301,-46.4169461
Jardim Arpoador,65,suburb,-23.5949812,-46.7910827
Jardim Augusto,33,quarter,-23.5968656,-46.4486002
Jardim Aurélia,90,suburb,-23.5959428,-46.6241604
Jardim Bandeirantes,33,quarter,-23.6036763,-46.4382091
Jardim Boa Vista,65,suburb,-23.5815403,-46.7913503
Jardim Brasil,92,suburb,-23.4819102,-46.5764471
Jardim Brasília,24,suburb,-23.5546442,-46.4927353
Jardim Britânia,3,suburb,-23.4345532,-46.7835995
Jardim Caiçara,43,quarter,-23.6847698,-46.7761457
Jardim Camargo Novo,36,suburb,-23.5043429,-46.3837673
Jardim Castro Alves,25,quarter,-23.5819596,-46.4050088
Jardim Conquista,33,quarter,-23.6073592,-46.4481325
Jardim Copacabana,43,suburb,-23.6909871,-46.7716013
Jardim Cruz das Almas,25,quarter,-23.5697338,-46.4153836
Jardim Cruzeiro,23,quarter,-23.7158352,-46.7101555
Jardim D'Abril,67,suburb,-23.5738706,-46.7795188
Jardim da Glória,90,suburb,-23.5827197,-46.6219813
Jardim da Saúde,27,suburb,-23.6171973,-46.6185362
Jardim Danfer,18,suburb,-23.5024969,-46.5067477
Jardim das Flôres,43,neighbourhood,-23.6800386,-46.7633410
Jardim das Oliveiras,36,suburb,-23.4932482,-46.3781159
Jardim Davidenko,25,quarter,-23.5870677,-46.3930317
Jardim Dom Ângelo,25,quarter,-23.5806022,-46.3833228
Jardim Dom José,19,quarter,-23.6749048,-46.7959160
Jardim dos Cunhas,25,quarter,-23.5663067,-46.4138386
Jardim dos Estados,71,suburb,-23.6371984,-46.6824091
Jardim Dracena,65,suburb,-23.5927619,-46.7597262
Jardim Ester,67,quarter,-23.5813704,-46.7655688
Jardim Etelvina,96,suburb,-23.5301752,-46.4192543
Jardim Europa,62,suburb,-23.5737047,-46.6823072
Jardim Ferraz,25,quarter,-23.5723085,-46.3878440
Jardim Fontalis,81,suburb,-23.4358302,-46.5770716
Jardim França,82,suburb,-23.4771766,-46.6143865
Jardim Germânia,19,quarter,-23.6572228,-46.7592181
Jardim Guapira,81,suburb,-23.4573682,-46.5887224
Jardim Guaraú,65,suburb,-23.5954435,-46.7666459
Jardim Guarujá,43,suburb,-23.6937284,-46.7898945
Jardim Helena,44,suburb,-23.4796350,-46.4196826
Jardim Helga,17,suburb,-23.6429602,-46.7738845
Jardim Horizonte Azul,43,quarter,-23.7409120,-46.7817446
Jardim Iguatemi,33,quarter,-23.5971899,-46.4410050
Jardim Imperador,73,suburb,-23.5863755,-46.4995977
Jardim Imperador (Zona Sul),68,suburb,-23.6432748,-46.6071139
Jardim Ipanema,24,neighbourhood,-23.5623389,-46.4973724
Jardim Ipê,84,suburb,-23.5002153,-46.4145430
Jardim Iporanga,23,quarter,-23.7271039,-46.7040885
Jardim Iracema,17,quarter,-23.6419243,-46.7867032
Jardim Itacolomi,38,quarter,-23.6625583,-46.6519454
Jardim Japão,89,suburb,-23.5021791,-46.5808888
Jardim Jaqueline,94,quarter,-23.5945788,-46.7536592
Jardim João XXIII,65,suburb,-23.6028459,-46.7927124
Jardim Jordanópolis,23,quarter,-23.7327797,-46.6990066
Jardim Jussara,94,suburb,-23.5955395,-46.7597237
Jardim Keralux,28,neighbourhood,-23.4823774,-46.4936394
Jardim Laranjeiras,33,quarter,-23.6033675,-46.4325187
Jardim Leonor Mendes de Barros,82,suburb,-23.4662424,-46.6106314
Jardim Líbano,63,neighbourhood,-23.4856610,-46.7327022
Jardim Lisboa,64,suburb,-23.5196635,-46.4977812
Jardim Maia,84,quarter,-23.4940321,-46.4140362
Jardim Mangalot,95,neighbourhood,-23.4916257,-46.7475970
Jardim Marajoara,16,suburb,-23.6553634,-46.6849371
Jardim Maravilha,25,quarter,-23.5887344,-46.3870570
Jardim Marília,24,neighbourhood,-23.5668273,-46.4966351
Jardim Marilú,33,suburb,-23.5971681,-46.4232022
Jardim Maristela,95,neighbourhood,-23.4884604,-46.7524431
Jardim Melo,22,suburb,-23.6865424,-46.6352030
Jardim Miriam,22,suburb,-23.6810039,-46.6396596
Jardim Modelo,39,suburb,-23.4678052,-46.5756811
Jardim Nardini,95,quarter,-23.4808055,-46.7612869
Jardim Nordeste,5,suburb,-23.5331087,-46.4845035
Jardim Nossa Senhora do Ó,29,neighbourhood,-23.5029723,-46.7041697
Jardim Pantanal,44,neighbourhood,-23.4793850,-46.4091197
Jardim Parque Morumbi,83,neighbourhood,-23.6231623,-46.7287918
Jardim Patente,68,quarter,-23.6276252,-46.5868820
Jardim Paulista,45,suburb,-23.5652185,-46.6601846
Jardim Paulo VI,65,suburb,-23.5997211,-46.7872301
Jardim Pedra Branca,47,quarter,-23.5814545,-46.4190468
Jardim Pedro José Nunes,87,suburb,-23.5015079,-46.4657870
Jardim Peri,13,suburb,-23.4570897,-46.6668812
Jardim Petrópolis,71,suburb,-23.6316703,-46.6839133
jardim piratininga,18,suburb,-23.5004749,-46.5344374
Jardim Pirituba,42,quarter,-23.4430814,-46.7212127
Jardim Popular,64,quarter,-23.5189103,-46.5109445
Jardim Presidente,23,quarter,-23.7303056,-46.7020830
Jardim Previdência,27,suburb,-23.6225846,-46.6175165
Jardim Ranieri,43,quarter,-23.6935908,-46.7810110
Jardim Regina,63,neighbourhood,-23.4737622,-46.7420131
Jardim Robru,84,suburb,-23.5220964,-46.4122035
Jardim Romano,44,suburb,-23.4803729,-46.3840889
Jardim Rosa Maria,65,neighbourhood,-23.5918247,-46.7710300
Jardim Rosana,17,suburb,-23.6465184,-46.7744491
Jardim Roseli,33,quarter,-23.5980591,-46.4363475
Jardim Santa Bárbara,73,quarter,-23.6082474,-46.4575485
Jardim Santa Cruz,68,suburb,-23.6406118,-46.5974152
Jardim Santa Edwiges,25,quarter,-23.5870593,-46.4103438
Jardim Santa Etelvina,25,quarter,-23.5850015,-46.4051855
Jardim Santa Fé,3,quarter,-23.4331799,-46.7947621
Jardim Santa Mônica,63,neighbourhood,-23.4769042,-46.7469233
Jardim Santa Terezinha,24,neighbourhood,-23.5696629,-46.5018600
Jardim Santo Amaro,71,suburb,-23.6521728,-46.6960195
Jardim Santo Antoninho,22,neighbourhood,-23.6568915,-46.6665927
Jardim Santo Elias,95,neighbourhood,-23.4973830,-46.7491811
Jardim São Bento,21,quarter,-23.5018040,-46.6472561
Jardim São Carlos,87,quarter,-23.5102697,-46.4721111
Jardim São Carlos (Guaianazes),31,quarter,-23.5579131,-46.4123205
Jardim São Jorge,65,quarter,-23.5891782,-46.7862945
Jardim São Lourenço,43,suburb,-23.7042008,-46.7881994
Jardim São Luís,46,suburb,-23.6739274,-46.7407377
Jardim São Luís (Zona leste),36,suburb,-23.4961343,-46.3862855
Jardim São Paulo,31,quarter,-23.5595714,-46.4036929
Jardim São Roberto,76,suburb,-23.6181147,-46.4987297
Jardim São Tomé,25,quarter,-23.5865048,-46.3995698
Jardim Sapopemba,76,suburb,-23.6094924,-46.4927394
Jardim Silva Teles,84,suburb,-23.5011873,-46.4079303
Jardim Soares,31,quarter,-23.5463615,-46.4024515
Jardim Texas,25,quarter,-23.5981058,-46.4077691
Jardim Três Marias,64,suburb,-23.5177150,-46.4934118
Jardim Vera Cruz,43,quarter,-23.7371016,-46.7784768
Jardim Vila Carrão,75,neighbourhood,-23.6183101,-46.4545343
Jardim Vila Mariana,90,suburb,-23.5923787,-46.6261595
Jardim Wilma Flôr,25,quarter,-23.5754624,-46.3962945
Jardins,45,suburb,-23.5738078,-46.6678314
Jerusalem,46,neighbourhood,-23.6648612,-46.7608001
José Bonifácio,47,suburb,-23.5665859,-46.4353534
Lajeado,96,suburb,-23.5348823,-46.4088939
Lapa,48,suburb,-23.5215756,-46.7043491
Lauzane Paulista,51,suburb,-23.4713573,-46.6445383
Liberdade,49,suburb,-23.5664506,-46.6313629
Limão,50,suburb,-23.5033149,-46.6752722
Limoeiro,87,suburb,-23.5093496,-46.4660017
Mandaqui,51,suburb,-23.4636929,-46.6416113
Mata da Juta,76,quarter,-23.6169885,-46.4901832
Metalúrgicos,25,quarter,-23.5997695,-46.4008756
Mirandópolis,77,suburb,-23.6083070,-46.6424478
Moema,32,suburb,-23.5970850,-46.6628884
Mooca,53,suburb,-23.5606808,-46.5971924
Morro do Índio,43,suburb,-23.6892090,-46.7767410
Morro Doce,3,suburb,-23.4459858,-46.7958736
Morro dos Ingleses,7,suburb,-23.5615632,-46.6473877
Morumbi,54,suburb,-23.5974288,-46.7067746
Nascer do Sol,25,quarter,-23.5918537,-46.4126624
Nova Heliópolis,68,suburb,-23.6125972,-46.5910089
Pacaembu,26,suburb,-23.5483884,-46.6678702
Parada de Taípas,42,suburb,-23.4352886,-46.7169586
Parada Inglesa,82,suburb,-23.4861894,-46.6091055
Parada XV de Novembro,37,suburb,-23.5302754,-46.4344073
Paraíso,90,suburb,-23.5738424,-46.6482539
Paraisópolis,83,suburb,-23.6153036,-46.7257516
Pari,56,suburb,-23.5329760,-46.6158488
Parque Boa Esperança,33,quarter,-23.5964282,-46.4538314
Parque Boturussu,28,suburb,-23.4986599,-46.4838764
Parque Brasil,30,quarter,-23.7360922,-46.6933446
Parque Colonial,23,quarter,-23.7263545,-46.6841448
Parque Continental,41,suburb,-23.5445527,-46.7582103
Parque da Mooca,53,suburb,-23.5705085,-46.5869081
Parque das Nações Unidas,30,quarter,-23.7286228,-46.6905848
Parque das Paineiras,5,suburb,-23.5375490,-46.4829875
Parque do Carmo,57,suburb,-23.5787082,-46.4580560
Parque dos Príncipes,67,quarter,-23.5741220,-46.7738679
Parque Edu Chaves,39,neighbourhood,-23.4757450,-46.5668027
Parque Fernanda,19,quarter,-23.6767146,-46.7939672
Parque Fongaro,68,quarter,-23.6335456,-46.5941876
Parque Guarani,37,suburb,-23.5181608,-46.4629905
Parque Imperial,77,suburb,-23.6220795,-46.6352066
Parque Independência,43,quarter,-23.6870868,-46.7865686
Parque Ipê,65,suburb,-23.5957714,-46.7971705
Parque Mandaqui,51,suburb,-23.4664042,-46.6334207
Parque Maria Domitila,95,neighbourhood,-23.4912443,-46.7398845
Parque Monteiro Soares,29,suburb,-23.4904769,-46.6877119
Parque Nações Unidas,42,suburb,-23.4463355,-46.7375747
Parque Novo Mundo,89,suburb,-23.5144938,-46.5684596
Parque Novo Santo Amaro,43,quarter,-23.6988272,-46.7830281
Parque Palmas do Tremembé,81,suburb,-23.4605731,-46.6075123
Parque Residencial Cocaia Cantinho do Céu,30,quarter,-23.7445995,-46.6592609
Parque Santa Etelvina,25,quarter,-23.5836365,-46.4121840
Parque Santa Rita,84,neighbourhood,-23.5158081,-46.4175029
Parque São Domingos,95,neighbourhood,-23.4995170,-46.7380514
Parque São Jorge,80,suburb,-23.5299682,-46.5660668
Parque Savoy City,24,suburb,-23.5632664,-46.4894831
Parque Taipas,42,suburb,-23.4285220,-46.7137028
Parque Vitória,82,suburb,-23.4713113,-46.5947064
Pedreira,58,suburb,-23.7079449,-46.6519145
Penha,59,suburb,-23.5236830,-46.5437815
Perdizes,60,suburb,-23.5399887,-46.6709816
Perus,61,suburb,-23.4075290,-46.7520629
Pinheiros,62,suburb,-23.5635704,-46.6857037
Piqueri,63,suburb,-23.4999630,-46.7123753
Pirituba,63,suburb,-23.4855330,-46.7219385
Planalto Paulista,77,suburb,-23.6168276,-46.6482263
Pompéia,60,suburb,-23.5305556,-46.6849797
Ponte Rasa,64,suburb,-23.5110455,-46.4870517
Pq. Saturnino Pereira,25,quarter,-23.5645660,-46.4172075
Prestes Maia,25,quarter,-23.5679281,-46.4097528
Raposo Tavares,65,suburb,-23.5909877,-46.7851970
República,66,suburb,-23.5437248,-46.6409783
Residencial Vista Verde,63,neighbourhood,-23.4743023,-46.7523012
Rio Pequeno,67,suburb,-23.5708857,-46.7586552
Sacomã,68,suburb,-23.6115054,-46.5969515
Santa Cecília,69,suburb,-23.5379492,-46.6573587
Santa Ifigênia,66,suburb,-23.5376199,-46.6391827
Santa Margarida Paulista,36,suburb,-23.5181020,-46.3989100
Santa Teresinha,70,neighbourhood,-23.4905833,-46.6343071
Santana,70,neighbourhood,-23.5021339,-46.6265039
Santo Amaro,71,suburb,-23.6405602,-46.7007164
São Domingos,95,suburb,-23.4938759,-46.7421942
São João Climaco,68,suburb,-23.6242684,-46.5941503
São Judas,77,suburb,-23.6253816,-46.6356704
São Lucas,72,suburb,-23.5948313,-46.5430627
São Mateus,73,suburb,-23.5982995,-46.4817046
São Miguel,74,suburb,-23.4948785,-46.4390788
São Rafael,75,suburb,-23.6270938,-46.4554050
Sapopemba,76,suburb,-23.6043265,-46.5098851
Sarandi,25,quarter,-23.5765923,-46.4137136
Sé,78,suburb,-23.5488069,-46.6317734
Sitío Conceição,25,quarter,-23.5792817,-46.3926899
Socorro,79,suburb,-23.6840338,-46.7092524
Sumaré,60,suburb,-23.5453787,-46.6811739
Sumarezinho,62,suburb,-23.5471111,-46.6921511
Tatuapé,80,suburb,-23.5408911,-46.5750093
Tremembé,81,suburb,-23.4482881,-46.6029761
Tucuruvi,82,suburb,-23.4806230,-46.6052628
União de Vila Nova,87,suburb,-23.4844126,-46.4585784
Valquiria,19,neighbourhood,-23.6544541,-46.7787576
Vila Albertina,81,suburb,-23.4520555,-46.6113118
Vila Alexandria,15,quarter,-23.6418705,-46.6714284
Vila Alpina,93,suburb,-23.5958577,-46.5589304
Vila Alto da Alegria,30,neighbourhood,-23.7448189,-46.6928005
Vila Amélia,13,suburb,-23.4713030,-46.6528931
Vila Anastácio,48,suburb,-23.5155169,-46.7182463
Vila Andrade,83,suburb,-23.6256870,-46.7269894
Vila Anglo-Brasileira,60,suburb,-23.5400826,-46.6949200
Vila Arapuã,68,suburb,-23.6350916,-46.5906251
Vila Argentina,48,suburb,-23.5375059,-46.7048754
Vila Aricanduva,91,suburb,-23.5363010,-46.5415824
Vila Arriete,16,suburb,-23.6821499,-46.6824429
Vila Aurora,51,suburb,-23.4742267,-46.6256000
Vila Aymoré,44,suburb,-23.4876712,-46.4013898
Vila Azevedo,80,suburb,-23.5426905,-46.5713581
Vila Bancária,76,suburb,-23.5895946,-46.5229995
Vila Bandeirantes,68,quarter,-23.6150802,-46.6005220
Vila Beatriz,2,suburb,-23.5499684,-46.6977786
Vila Brasilândia,29,neighbourhood,-23.4759277,-46.7054131
Vila Breno Acioli,64,quarter,-23.5221353,-46.4943925
Vila Buarque,66,suburb,-23.5445621,-46.6475520
Vila Buenos Aires,18,suburb,-23.5091576,-46.5147421
Vila Caiuba,61,suburb,-23.3996607,-46.7497404
Vila Campanela São Paulo,37,suburb,-23.5373914,-46.4620811
Vila Cardoso Franco,76,suburb,-23.6250707,-46.5061704
Vila Carlo Maderna,24,neighbourhood,-23.5633496,-46.4816043
Vila Carmosina,37,quarter,-23.5403720,-46.4541709
Vila Carrão,20,suburb,-23.5498671,-46.5385802
Vila Chavantes,74,suburb,-23.5147409,-46.4422707
Vila Cirenaica,22,quarter,-23.6761713,-46.6312232
Vila Clarice,63,neighbourhood,-23.4687491,-46.7505897
Vila Clementino,90,suburb,-23.5980058,-46.6434179
Vila Conde do Pinhal,68,suburb,-23.6180521,-46.5937959
Vila Córrego da Água Vermelha,84,neighbourhood,-23.5170325,-46.4170277
Vila Costa Melo,64,suburb,-23.5153984,-46.5140675
Vila Cristina,68,neighbourhood,-23.6527910,-46.6053847
Vila Cunha Bueno,76,quarter,-23.6037371,-46.5141677
Vila Curuça,84,quarter,-23.4952817,-46.4126603
Vila da Saúde,77,suburb,-23.6186644,-46.6366592
Vila Dalila,91,suburb,-23.5463973,-46.5203526
Vila das Mercês,68,suburb,-23.6231613,-46.6085346
Vila Dersa,38,quarter,-23.6685436,-46.6334435
Vila do Bosque,77,suburb,-23.6204028,-46.6299228
Vila do Encontro,38,quarter,-23.6515860,-46.6399293
Vila do Sol,43,quarter,-23.7358923,-46.7829024
Vila Dom Macário,27,neighbourhood,-23.6195251,-46.6132669
Vila Dom Pedro I,34,suburb,-23.6019303,-46.6136603
Vila Dona Graça,33,suburb,-23.5980772,-46.4295525
Vila Ede,92,suburb,-23.4936595,-46.5933904
Vila Esperança,59,suburb,-23.5255852,-46.5277235
Vila Fernandes,20,quarter,-23.5600682,-46.5320115
Vila Firmiano Pinto,27,suburb,-23.5989037,-46.6194234
Vila Formosa,85,suburb,-23.5668764,-46.5463233
Vila Galpozani,17,neighbourhood,-23.6493334,-46.7751722
Vila Géa,16,quarter,-23.6741496,-46.6875771
Vila Gilda,43,suburb,-23.7249140,-46.7534991
Vila Gomes Cardim,80,quarter,-23.5424720,-46.5668480
Vila Granada,59,suburb,-23.5235058,-46.5143047
Vila Grão Mogol,44,suburb,-23.4899885,-46.4043778
Vila Gruta das Princesas,44,neighbourhood,-23.4827445,-46.3941705
Vila Guaraciaba,28,neighbourhood,-23.4844116,-46.4970776
Vila Guarani,38,suburb,-23.6366083,-46.6366761
Vila Guilherme,86,suburb,-23.5170972,-46.6079618
Vila Guilhermina,91,suburb,-23.5333870,-46.5153418
Vila Gumercindo,27,suburb,-23.6046683,-46.6209505
Vila Gustavo,82,suburb,-23.4807130,-46.5958215
Vila Hamburguesa,88,suburb,-23.5334607,-46.7262582
Vila Ida,2,suburb,-23.5431007,-46.7074196
Vila Independência,34,neighbourhood,-23.5973624,-46.5934559
Vila Ipojuca,48,suburb,-23.5335192,-46.7084654
Vila Isolina Mazzei,86,suburb,-23.4930386,-46.6038231
Vila Itaim,36,neighbourhood,-23.4917798,-46.3894698
Vila Jacuí,87,suburb,-23.5051091,-46.4519529
Vila Jaguara,40,neighbourhood,-23.5076149,-46.7549780
Vila Jaraguá,95,quarter,-23.4839667,-46.7649668
Vila Jardim Maia,44,neighbourhood,-23.4830700,-46.4160535
Vila Jardim Maristela,68,neighbourhood,-23.6384283,-46.6009240
Vila Jardim Morro Oriente,17,neighbourhood,-23.6361860,-46.7591340
Vila Jardim Olinda,17,neighbourhood,-23.6311300,-46.7559495
Vila Jardim Paris,17,neighbourhood,-23.6383390,-46.7713064
Vila Jardim Planalto,76,neighbourhood,-23.6117825,-46.5185590
Vila Jardim São Matinho,44,neighbourhood,-23.4831745,-46.4134315
Vila Jardim Umuarama,17,neighbourhood,-23.6469435,-46.7688085
Vila Joaquim Meira,24,neighbourhood,-23.5753015,-46.4870235
Vila Laís,59,suburb,-23.5179561,-46.5418779
Vila Leônidas Moreira,17,neighbourhood,-23.6432505,-46.7781605
Vila Leopoldina,88,suburb,-23.5275027,-46.7329470
Vila Liviero,68,neighbourhood,-23.6532514,-46.6005327
Vila Machado Nunes,57,neighbourhood,-23.5786040,-46.4853297
Vila Madalena,62,suburb,-23.5555025,-46.6911869
Vila Margarida,44,neighbourhood,-23.4824050,-46.3900270
Vila Maria,89,suburb,-23.5131836,-46.5891557
Vila Maria Eugênia,95,neighbourhood,-23.4916257,-46.7527740
Vila Mariana,90,suburb,-23.5925361,-46.6357123
Vila Marieta,59,suburb,-23.5163924,-46.5231628
Vila Marisa,40,suburb,-23.5084859,-46.7602587
Vila Mascote,38,quarter,-23.6459168,-46.6675551
Vila Matilde,91,suburb,-23.5361790,-46.5246050
Vila Mazzei,82,suburb,-23.4729562,-46.6008217
Vila Medeiros,92,suburb,-23.4877070,-46.5844955
Vila Mirante,63,neighbourhood,-23.4690823,-46.7220013
Vila Missionária,17,neighbourhood,-23.6470390,-46.7711615
Vila Moinho Velho,68,suburb,-23.6120298,-46.6032972
Vila Monforte de Lemos,17,neighbourhood,-23.6484310,-46.7715740
Vila Monte Alegre,77,suburb,-23.6275981,-46.6352361
Vila Monumento,34,suburb,-23.5764219,-46.6137805
Vila Morada do Sol,24,neighbourhood,-23.5712090,-46.4927480
Vila Munhoz,92,quarter,-23.4987518,-46.5886409
Vila Natalia,68,neighbourhood,-23.6271334,-46.5963136
Vila Nilo,39,suburb,-23.4601735,-46.5744540
Vila Nova,17,neighbourhood,-23.6387124,-46.7710069
Vila Nova Curuça,84,suburb,-23.5171184,-46.4191889
Vila Nova Jaguaré,41,neighbourhood,-23.5449360,-46.7427087
Vila Odete,96,quarter,-23.5350290,-46.4099915
Vila Olímpia,35,suburb,-23.5940375,-46.6842299
Vila Operária Maria Zélia,8,neighbourhood,-23.5329892,-46.5980899
Vila Pantanal,44,neighbourhood,-23.4748717,-46.4178337
Vila Pantanal 2,74,neighbourhood,-23.4845531,-46.4517915
Vila Parque Guaianases,84,neighbourhood,-23.5214762,-46.4155890
Vila Paulicéia,70,suburb,-23.4882686,-46.6146814
Vila Paulista,25,quarter,-23.5777908,-46.4071103
Vila Penteado,11,neighbourhood,-23.4704303,-46.6872619
Vila Pereira Barreto,63,neighbourhood,-23.4895362,-46.7185545
Vila Pereira Cerca,63,neighbourhood,-23.4949919,-46.7126086
Vila Piratininga,18,neighbourhood,-23.5033305,-46.5374529
Vila Pirituba,63,neighbourhood,-23.4821207,-46.7462644
VIla Prado,50,suburb,-23.4937090,-46.6754694
Vila Professora Nina Stocco,17,neighbourhood,-23.6283744,-46.7609091
Vila Progresso,74,suburb,-23.5175108,-46.4324327
Vila Prudente,93,suburb,-23.5915159,-46.5726471
Vila Ré,59,suburb,-23.5283751,-46.4978419
Vila Recanto da Moeda,38,quarter,-23.6743044,-46.6330793
Vila Regina,17,neighbourhood,-23.6381514,-46.7601300
Vila Renato,63,neighbourhood,-23.4724953,-46.7191354
Vila Rio Branco,64,suburb,-23.5119382,-46.4948940
Vila Rio Fartura,31,neighbourhood,-23.5576400,-46.4115168
Vila Rizieri,68,quarter,-23.6342031,-46.5917190
Vila Roland Berigan,74,neighbourhood,-23.4852310,-46.4408498
Vila Romana,48,neighbourhood,-23.5287714,-46.7037412
Vila Rosa,81,suburb,-23.4589264,-46.6300603
Vila Rosária,74,quarter,-23.5023493,-46.4343626
Vila Rua Itaguara,38,neighbourhood,-23.6512770,-46.6343940
Vila Sá Barbosa,9,suburb,-23.5310216,-46.6271835
Vila Sabrina,92,quarter,-23.4897198,-46.5730621
Vila Safira,44,neighbourhood,-23.4753097,-46.4125050
Vila Santa Catarina,38,suburb,-23.6516782,-46.6569566
Vila Santa Lúcia,43,neighbourhood,-23.6891068,-46.7640554
Vila Santa Tereza,68,quarter,-23.6474828,-46.5952478
Vila Santo Estéfano,27,suburb,-23.6234977,-46.6242477
Vila São Francisco,64,suburb,-23.5187828,-46.4911783
Vila São José,72,neighbourhood,-23.6101775,-46.5409633
Vila São Paulo,22,neighbourhood,-23.6571626,-46.6702223
Vila São Pedro,68,neighbourhood,-23.6523384,-46.5968905
Vila Sebastião Afonso,22,quarter,-23.6774929,-46.6340288
Vila Simone,36,quarter,-23.5034685,-46.4002839
Vila Sônia,94,suburb,-23.5986562,-46.7392935
Vila Souza,42,suburb,-23.4343190,-46.7165213
Vila Tolstói,76,suburb,-23.5991361,-46.5249038
Vila Yolanda,25,quarter,-23.5875060,-46.3812835
Vila Zatt,63,neighbourhood,-23.4773196,-46.7156998
