FID,cd_identificador,dt_ocorrencia,dc_tipo_ocorrencia,nm_distrito,ge_ponto,dt_carga,nm_subprefeitura,sg_fonte_original
risco_ocorrencia_alagamento.1458,1458,2026-04-01,ALAGAMENTO,,POINT (-46.53682080000042 -23.606216415807356),2026-07-03,VP - VILA PRUDENTE,SIGRC
risco_ocorrencia_alagamento.1472,1472,2026-04-02,ALAGAMENTO,,POINT (-46.530166900000395 -23.61379431581933),2026-07-03,VP - VILA PRUDENTE,SIGRC
risco_ocorrencia_alagamento.1494,1494,2026-04-07,ALAGAMENTO,,POINT (-46.745807900000806 -23.572816815754475),2026-07-03,BT - BUTANTA,SIGRC
risco_ocorrencia_alagamento.1525,1525,2026-04-14,ALAGAMENTO,,POINT (-46.55705260000044 -23.539374115701907),2026-07-03,AF - ARICANDUVA/VILA FORMOSA,SIGRC
risco_ocorrencia_alagamento.1530,1530,2026-04-15,ALAGAMENTO,,POINT (-46.55132910000042 -23.537420715698836),2026-07-03,AF - ARICANDUVA/VILA FORMOSA,SIGRC
risco_ocorrencia_alagamento.1628,1628,2025-05-11,ALAGAMENTO,,POINT (-46.5264029000004 -23.54841321571618),2026-07-03,AF - ARICANDUVA/VILA FORMOSA,SIGRC
risco_ocorrencia_alagamento.1691,1691,2026-06-24,ALAGAMENTO,,POINT (-46.76416010000085 -23.578792615763888),2026-07-03,BT - BUTANTA,SIGRC
risco_ocorrencia_alagamento.1701,1701,2026-06-23,ALAGAMENTO,,POINT (-46.7851052000009 -23.6819747159269),2026-07-03,CL - CAMPO LIMPO,SIGRC
risco_ocorrencia_alagamento.1713,1713,2026-06-23,ALAGAMENTO,,POINT (-46.659735900000626 -23.454751415568634),2026-07-03,CV - CASA VERDE/CACHOEIRINHA,SIGRC
risco_ocorrencia_alagamento.1742,1742,2026-06-24,ALAGAMENTO,,POINT (-46.75554760000083 -23.53368721569279),2026-07-03,LA - LAPA,SIGRC
risco_ocorrencia_alagamento.1755,1755,2026-06-23,ALAGAMENTO,,POINT (-46.62512400000054 -23.546947215713804),2026-07-03,MO - MOOCA,SIGRC
risco_ocorrencia_alagamento.1762,1762,2026-06-24,ALAGAMENTO,,POINT (-46.51885250000038 -23.547299415714413),2026-07-03,PE - PENHA,SIGRC
risco_ocorrencia_alagamento.1764,1764,2026-06-26,ALAGAMENTO,,POINT (-46.5364301000004 -23.51583991566484),2026-07-03,PE - PENHA,SIGRC
risco_ocorrencia_alagamento.1798,1798,2026-06-24,ALAGAMENTO,,POINT (-46.405633100000266 -23.491177515626067),2026-07-03,MP - SAO MIGUEL PAULISTA,SIGRC
risco_ocorrencia_alagamento.1799,1799,2026-06-24,ALAGAMENTO,,POINT (-46.45785110000031 -23.486122715618098),2026-07-03,MP - SAO MIGUEL PAULISTA,SIGRC
risco_ocorrencia_alagamento.1819,1819,2026-06-23,ALAGAMENTO,,POINT (-46.52817150000041 -23.612043115816576),2026-07-03,VP - VILA PRUDENTE,SIGRC
risco_ocorrencia_alagamento.668,668,2026-02-01,ALAGAMENTO,,POINT (-46.62849690000054 -23.634691715852284),2026-07-03,IP - IPIRANGA,SIGRC
risco_ocorrencia_alagamento.681,681,2026-02-01,ALAGAMENTO,,POINT (-46.685314000000645 -23.718676415985097),2026-07-03,CS - CAPELA DO SOCORRO,SIGRC
risco_ocorrencia_alagamento.689,689,2026-02-01,ALAGAMENTO,,POINT (-46.775157000000874 -23.71321801597637),2026-07-03,MB - MBOI MIRIM,SIGRC
risco_ocorrencia_alagamento.699,699,2026-02-01,ALAGAMENTO,,POINT (-46.69176540000067 -23.757601816046776),2026-07-03,CS - CAPELA DO SOCORRO,SIGRC
risco_ocorrencia_alagamento.700,700,2026-02-01,ALAGAMENTO,,POINT (-46.48785770000034 -23.58034031576654),2026-07-03,IQ - ITAQUERA,SIGRC
risco_ocorrencia_alagamento.722,722,2026-02-02,ALAGAMENTO,,POINT (-46.52894210000038 -23.583208415771043),2026-07-03,AF - ARICANDUVA/VILA FORMOSA,SIGRC
risco_ocorrencia_alagamento.732,732,2026-02-02,ALAGAMENTO,,POINT (-46.66771910000063 -23.741257616020885),2026-07-03,CS - CAPELA DO SOCORRO,SIGRC
risco_ocorrencia_alagamento.757,757,2026-02-03,ALAGAMENTO,,POINT (-46.41277730000025 -23.49109751562596),2026-07-03,MP - SAO MIGUEL PAULISTA,SIGRC
risco_ocorrencia_alagamento.758,758,2026-02-03,ALAGAMENTO,,POINT (-46.40434640000026 -23.49054901562509),2026-07-03,MP - SAO MIGUEL PAULISTA,SIGRC
risco_ocorrencia_alagamento.761,761,2026-02-03,ALAGAMENTO,,POINT (-46.46000960000031 -23.483944015614682),2026-07-03,MP - SAO MIGUEL PAULISTA,SIGRC
risco_ocorrencia_alagamento.778,778,2026-02-04,ALAGAMENTO,,POINT (-46.72586100000075 -23.597546915793522),2026-07-03,BT - BUTANTA,SIGRC
risco_ocorrencia_alagamento.789,789,2026-02-05,ALAGAMENTO,,POINT (-46.75138190000082 -23.421253715515924),2026-07-03,PR - PERUS,SIGRC
risco_ocorrencia_alagamento.806,806,2026-02-06,ALAGAMENTO,,POINT (-46.405482500000254 -23.49300431562895),2026-07-03,MP - SAO MIGUEL PAULISTA,SIGRC
risco_ocorrencia_alagamento.807,807,2026-02-06,ALAGAMENTO,,POINT (-46.405678400000255 -23.49253961562823),2026-07-03,MP - SAO MIGUEL PAULISTA,SIGRC
risco_ocorrencia_alagamento.814,814,2026-02-07,ALAGAMENTO,,POINT (-46.406045100000256 -23.49321021562927),2026-07-03,MP - SAO MIGUEL PAULISTA,SIGRC
risco_ocorrencia_alagamento.815,815,2026-02-07,ALAGAMENTO,,POINT (-46.405894900000256 -23.492422715628035),2026-07-03,MP - SAO MIGUEL PAULISTA,SIGRC
risco_ocorrencia_alagamento.816,816,2026-02-07,ALAGAMENTO,,POINT (-46.405731400000256 -23.49320881562927),2026-07-03,MP - SAO MIGUEL PAULISTA,SIGRC
risco_ocorrencia_alagamento.817,817,2026-02-07,ALAGAMENTO,,POINT (-46.405800700000256 -23.48925421562305),2026-07-03,MP - SAO MIGUEL PAULISTA,SIGRC
risco_ocorrencia_alagamento.823,823,2026-02-07,ALAGAMENTO,,POINT (-46.410379100000256 -23.488994915622634),2026-07-03,MP - SAO MIGUEL PAULISTA,SIGRC
risco_ocorrencia_alagamento.824,824,2026-02-07,ALAGAMENTO,,POINT (-46.412627100000265 -23.475970515602146),2026-07-03,MP - SAO MIGUEL PAULISTA,SIGRC
risco_ocorrencia_alagamento.825,825,2026-02-07,ALAGAMENTO,,POINT (-46.415007800000275 -23.482504815612437),2026-07-03,MP - SAO MIGUEL PAULISTA,SIGRC
risco_ocorrencia_alagamento.826,826,2026-02-07,ALAGAMENTO,,POINT (-46.42670280000028 -23.473008815597474),2026-07-03,MP - SAO MIGUEL PAULISTA,SIGRC
risco_ocorrencia_alagamento.827,827,2026-02-08,ALAGAMENTO,,POINT (-46.413933700000264 -23.47461771560002),2026-07-03,MP - SAO MIGUEL PAULISTA,SIGRC
risco_ocorrencia_alagamento.828,828,2026-02-08,ALAGAMENTO,,POINT (-46.408260800000264 -23.484492115615552),2026-07-03,MP - SAO MIGUEL PAULISTA,SIGRC
risco_ocorrencia_alagamento.835,835,2026-02-08,ALAGAMENTO,,POINT (-46.403039500000254 -23.48922881562301),2026-07-03,MP - SAO MIGUEL PAULISTA,SIGRC
risco_ocorrencia_alagamento.838,838,2026-02-08,ALAGAMENTO,,POINT (-46.41023800000026 -23.475813015601897),2026-07-03,MP - SAO MIGUEL PAULISTA,SIGRC
risco_ocorrencia_alagamento.852,852,2026-02-09,ALAGAMENTO,,POINT (-46.406768700000256 -23.491186515626083),2026-07-03,MP - SAO MIGUEL PAULISTA,SIGRC
risco_ocorrencia_alagamento.989,989,2026-02-18,ALAGAMENTO,,POINT (-46.75195810000083 -23.592513815785562),2026-07-03,BT - BUTANTA,SIGRC
risco_ocorrencia_alagamento.1008,1008,2026-02-22,ALAGAMENTO,,POINT (-46.76188840000084 -23.668284915905257),2026-07-03,CL - CAMPO LIMPO,SIGRC
risco_ocorrencia_alagamento.1009,1009,2026-02-22,ALAGAMENTO,,POINT (-46.761696000000846 -23.668892415906218),2026-07-03,MB - MBOI MIRIM,SIGRC
risco_ocorrencia_alagamento.1017,1017,2026-02-23,ALAGAMENTO,,POINT (-46.7040333000007 -23.718821915985302),2026-07-03,CS - CAPELA DO SOCORRO,SIGRC
risco_ocorrencia_alagamento.1024,1024,2026-02-24,ALAGAMENTO,,POINT (-46.76645700000085 -23.7177870159836),2026-07-03,MB - MBOI MIRIM,SIGRC
risco_ocorrencia_alagamento.1037,1037,2026-02-25,ALAGAMENTO,,POINT (-46.786164100000924 -23.699814715955124),2026-07-03,MB - MBOI MIRIM,SIGRC
risco_ocorrencia_alagamento.1046,1046,2026-02-26,ALAGAMENTO,,POINT (-46.766721600000835 -23.725046515995107),2026-07-03,MB - MBOI MIRIM,SIGRC
risco_ocorrencia_alagamento.1072,1072,2026-03-08,ALAGAMENTO,,POINT (-46.511717700000375 -23.579794015765675),2026-07-03,AF - Aricanduva/Vila Formosa,SIGRC
risco_ocorrencia_alagamento.1074,1074,2026-03-17,ALAGAMENTO,,POINT (-46.551898500000426 -23.53708461569831),2026-07-03,AF - Aricanduva/Vila Formosa,SIGRC
risco_ocorrencia_alagamento.1075,1075,2026-03-17,ALAGAMENTO,,POINT (-46.55705260000044 -23.539374115701907),2026-07-03,AF - Aricanduva/Vila Formosa,SIGRC
risco_ocorrencia_alagamento.1076,1076,2026-03-17,ALAGAMENTO,,POINT (-46.55132910000042 -23.537420715698836),2026-07-03,AF - Aricanduva/Vila Formosa,SIGRC
risco_ocorrencia_alagamento.1077,1077,2026-03-17,ALAGAMENTO,,POINT (-46.552085800000434 -23.53719501569847),2026-07-03,AF - Aricanduva/Vila Formosa,SIGRC
risco_ocorrencia_alagamento.1078,1078,2026-03-17,ALAGAMENTO,,POINT (-46.547278100000426 -23.550258715719075),2026-07-03,AF - Aricanduva/Vila Formosa,SIGRC
risco_ocorrencia_alagamento.1080,1080,2026-03-26,ALAGAMENTO,,POINT (-46.55295060000044 -23.53674521569777),2026-07-03,AF - Aricanduva/Vila Formosa,SIGRC
risco_ocorrencia_alagamento.1082,1082,2026-03-06,ALAGAMENTO,,POINT (-46.745807900000806 -23.572816815754475),2026-07-03,BT - Butanta,SIGRC
risco_ocorrencia_alagamento.1099,1099,2026-03-26,ALAGAMENTO,,POINT (-46.7853980000009 -23.5946550157889),2026-07-03,BT - Butanta,SIGRC
risco_ocorrencia_alagamento.1114,1114,2026-03-06,ALAGAMENTO,,POINT (-46.78471400000092 -23.66361111589785),2026-07-03,CL - Campo Limpo,SIGRC
risco_ocorrencia_alagamento.1121,1121,2026-03-06,ALAGAMENTO,,POINT (-46.784932000000914 -23.66062631589312),2026-07-03,CL - Campo Limpo,SIGRC
risco_ocorrencia_alagamento.1125,1125,2026-03-06,ALAGAMENTO,,POINT (-46.76482510000085 -23.641582015863037),2026-07-03,CL - Campo Limpo,SIGRC
risco_ocorrencia_alagamento.1133,1133,2026-03-06,ALAGAMENTO,,POINT (-46.7470546000008 -23.623976915835236),2026-07-03,CL - Campo Limpo,SIGRC
risco_ocorrencia_alagamento.1140,1140,2026-03-09,ALAGAMENTO,,POINT (-46.76961760000086 -23.64777531587281),2026-07-03,CL - Campo Limpo,SIGRC
risco_ocorrencia_alagamento.1141,1141,2026-03-10,ALAGAMENTO,,POINT (-46.77324460000087 -23.65089091587774),2026-07-03,CL - Campo Limpo,SIGRC
risco_ocorrencia_alagamento.1148,1148,2026-03-07,ALAGAMENTO,,POINT (-46.705497000000705 -23.730467916003757),2026-07-03,CS - Capela do Socorro,SIGRC
risco_ocorrencia_alagamento.1165,1165,2026-03-06,ALAGAMENTO,,POINT (-46.49220350000035 -23.482300615612072),2026-07-03,EM - Ermelino Matarazzo,SIGRC
risco_ocorrencia_alagamento.1166,1166,2026-03-06,ALAGAMENTO,,POINT (-46.50146460000036 -23.479508415607672),2026-07-03,EM - Ermelino Matarazzo,SIGRC
risco_ocorrencia_alagamento.1187,1187,2026-03-08,ALAGAMENTO,,POINT (-46.62972490000056 -23.636249815854736),2026-07-03,IP - Ipiranga,SIGRC
risco_ocorrencia_alagamento.1189,1189,2026-03-08,ALAGAMENTO,,POINT (-46.61943830000053 -23.63219521584834),2026-07-03,IP - Ipiranga,SIGRC
risco_ocorrencia_alagamento.1192,1192,2026-03-08,ALAGAMENTO,,POINT (-46.62645310000054 -23.612979915817988),2026-07-03,IP - Ipiranga,SIGRC
risco_ocorrencia_alagamento.1197,1197,2026-03-10,ALAGAMENTO,,POINT (-46.62199580000054 -23.629775215844514),2026-07-03,IP - Ipiranga,SIGRC
risco_ocorrencia_alagamento.1198,1198,2026-03-10,ALAGAMENTO,,POINT (-46.60998960000053 -23.628719215842857),2026-07-03,IP - Ipiranga,SIGRC
risco_ocorrencia_alagamento.1199,1199,2026-03-10,ALAGAMENTO,,POINT (-46.62627230000054 -23.623660215834853),2026-07-03,IP - Ipiranga,SIGRC
risco_ocorrencia_alagamento.1210,1210,2026-03-08,ALAGAMENTO,,POINT (-46.470139300000326 -23.55605861572826),2026-07-03,IQ - Itaquera,SIGRC
risco_ocorrencia_alagamento.1217,1217,2026-03-06,ALAGAMENTO,,POINT (-46.6544687000006 -23.656177415886226),2026-07-03,JA - Jabaquara,SIGRC
risco_ocorrencia_alagamento.1221,1221,2026-03-08,ALAGAMENTO,,POINT (-46.6580282000006 -23.642986215865363),2026-07-03,JA - Jabaquara,SIGRC
risco_ocorrencia_alagamento.1270,1270,2026-03-06,ALAGAMENTO,,POINT (-46.756190200000816 -23.658280115889447),2026-07-03,MB - MBoi Mirim,SIGRC
risco_ocorrencia_alagamento.1272,1272,2026-03-07,ALAGAMENTO,,POINT (-46.74614670000079 -23.683952015930064),2026-07-03,MB - MBoi Mirim,SIGRC
risco_ocorrencia_alagamento.1285,1285,2026-03-11,ALAGAMENTO,,POINT (-46.745919500000795 -23.684451615930854),2026-07-03,MB - MBoi Mirim,SIGRC
risco_ocorrencia_alagamento.1292,1292,2026-03-19,ALAGAMENTO,,POINT (-46.746560500000804 -23.683974015930097),2026-07-03,MB - MBoi Mirim,SIGRC
risco_ocorrencia_alagamento.1341,1341,2026-03-08,ALAGAMENTO,,POINT (-46.75410550000085 -23.487574115620177),2026-07-03,PJ - Pirituba/Jaragua,SIGRC
risco_ocorrencia_alagamento.1356,1356,2026-03-13,ALAGAMENTO,,POINT (-46.623007500000554 -23.480775215609587),2026-07-03,ST - Santana/Tucuruvi,SIGRC
risco_ocorrencia_alagamento.1367,1367,2026-03-08,ALAGAMENTO,,POINT (-46.65144980000058 -23.639287915859526),2026-07-03,SA - Santo Amaro,SIGRC
risco_ocorrencia_alagamento.1369,1369,2026-03-08,ALAGAMENTO,,POINT (-46.65823130000061 -23.641957915863745),2026-07-03,SA - Santo Amaro,SIGRC
risco_ocorrencia_alagamento.1371,1371,2026-03-09,ALAGAMENTO,,POINT (-46.6556716000006 -23.63396521585112),2026-07-03,SA - Santo Amaro,SIGRC
risco_ocorrencia_alagamento.1390,1390,2026-03-03,ALAGAMENTO,,POINT (-46.40458540000025 -23.48912461562285),2026-07-03,MP - Sao Miguel Paulista,SIGRC
risco_ocorrencia_alagamento.1392,1392,2026-03-06,ALAGAMENTO,,POINT (-46.407294100000264 -23.491211315626128),2026-07-03,MP - Sao Miguel Paulista,SIGRC
risco_ocorrencia_alagamento.1393,1393,2026-03-06,ALAGAMENTO,,POINT (-46.405678400000255 -23.49253961562823),2026-07-03,MP - Sao Miguel Paulista,SIGRC
risco_ocorrencia_alagamento.1394,1394,2026-03-06,ALAGAMENTO,,POINT (-46.40578710000025 -23.49170611562692),2026-07-03,MP - Sao Miguel Paulista,SIGRC
risco_ocorrencia_alagamento.1395,1395,2026-03-06,ALAGAMENTO,,POINT (-46.40434640000026 -23.49054901562509),2026-07-03,MP - Sao Miguel Paulista,SIGRC
risco_ocorrencia_alagamento.1397,1397,2026-03-06,ALAGAMENTO,,POINT (-46.44985950000031 -23.488174515621342),2026-07-03,MP - Sao Miguel Paulista,SIGRC
risco_ocorrencia_alagamento.1399,1399,2026-03-12,ALAGAMENTO,,POINT (-46.40595390000026 -23.491338515626325),2026-07-03,MP - Sao Miguel Paulista,SIGRC
risco_ocorrencia_alagamento.1408,1408,2026-03-08,ALAGAMENTO,,POINT (-46.63981430000057 -23.542453215706708),2026-07-03,SE - Se,SIGRC
risco_ocorrencia_alagamento.1428,1428,2026-03-08,ALAGAMENTO,,POINT (-46.66815460000064 -23.614389415820185),2026-07-03,VM - Vila Mariana,SIGRC
risco_ocorrencia_alagamento.1435,1435,2026-03-12,ALAGAMENTO,,POINT (-46.629315100000554 -23.618995915827487),2026-07-03,VM - Vila Mariana,SIGRC
risco_ocorrencia_alagamento.1451,1451,2026-03-09,ALAGAMENTO,,POINT (-46.5289052000004 -23.612416015817157),2026-07-03,VP - Vila Prudente,SIGRC
risco_ocorrencia_alagamento.1452,1452,2026-03-09,ALAGAMENTO,,POINT (-46.52285700000038 -23.61375181581926),2026-07-03,VP - Vila Prudente,SIGRC
risco_ocorrencia_alagamento.19,19,2026-01-04,ALAGAMENTO,,POINT (-46.70260200000069 -23.819657016145236),2026-07-03,PA - PARELHEIROS,SIGRC
risco_ocorrencia_alagamento.28,28,2026-01-05,ALAGAMENTO,,POINT (-46.70260200000069 -23.819655916145237),2026-07-03,PA - PARELHEIROS,SIGRC
risco_ocorrencia_alagamento.30,30,2026-01-05,ALAGAMENTO,,POINT (-46.702627300000685 -23.819499616144988),2026-07-03,PA - PARELHEIROS,SIGRC
risco_ocorrencia_alagamento.65,65,2026-01-08,ALAGAMENTO,,POINT (-46.77596000000086 -23.740807816020062),2026-07-03,MB - MBOI MIRIM,SIGRC
risco_ocorrencia_alagamento.72,72,2026-01-08,ALAGAMENTO,,POINT (-46.414149900000254 -23.58583051577524),2026-07-03,CT - CIDADE TIRADENTES,SIGRC
risco_ocorrencia_alagamento.73,73,2026-01-08,ALAGAMENTO,,POINT (-46.40434640000026 -23.49054901562509),2026-07-03,MP - SAO MIGUEL PAULISTA,SIGRC
risco_ocorrencia_alagamento.75,75,2026-01-08,ALAGAMENTO,,POINT (-46.407294100000264 -23.491211315626128),2026-07-03,MP - SAO MIGUEL PAULISTA,SIGRC
risco_ocorrencia_alagamento.108,108,2026-01-10,ALAGAMENTO,,POINT (-46.70312600000069 -23.819194016144504),2026-07-03,PA - PARELHEIROS,SIGRC
risco_ocorrencia_alagamento.148,148,2026-01-13,ALAGAMENTO,,POINT (-46.55302140000043 -23.527748015683603),2026-07-03,PE - PENHA,SIGRC
risco_ocorrencia_alagamento.158,158,2026-01-14,ALAGAMENTO,,POINT (-46.54716500000042 -23.55011101571884),2026-07-03,AF - ARICANDUVA/VILA FORMOSA,SIGRC
risco_ocorrencia_alagamento.166,166,2026-01-14,ALAGAMENTO,,POINT (-46.65303070000061 -23.524536715678458),2026-07-03,SE - SE,SIGRC
risco_ocorrencia_alagamento.168,168,2026-01-14,ALAGAMENTO,,POINT (-46.551916300000435 -23.53675741569779),2026-07-03,AF - ARICANDUVA/VILA FORMOSA,SIGRC
risco_ocorrencia_alagamento.176,176,2026-01-14,ALAGAMENTO,,POINT (-46.411665100000256 -23.49101811562583),2026-07-03,MP - SAO MIGUEL PAULISTA,SIGRC
risco_ocorrencia_alagamento.177,177,2026-01-14,ALAGAMENTO,,POINT (-46.40499150000026 -23.491967915627324),2026-07-03,MP - SAO MIGUEL PAULISTA,SIGRC
risco_ocorrencia_alagamento.182,182,2026-01-14,ALAGAMENTO,,POINT (-46.46122240000031 -23.48785281562082),2026-07-03,MP - SAO MIGUEL PAULISTA,SIGRC
risco_ocorrencia_alagamento.193,193,2026-01-15,ALAGAMENTO,,POINT (-46.76068430000083 -23.671246515909942),2026-07-03,MB - MBOI MIRIM,SIGRC
risco_ocorrencia_alagamento.202,202,2026-01-15,ALAGAMENTO,,POINT (-46.41277730000025 -23.49109751562596),2026-07-03,MP - SAO MIGUEL PAULISTA,SIGRC
risco_ocorrencia_alagamento.206,206,2026-01-15,ALAGAMENTO,,POINT (-46.5302385000004 -23.61376081581928),2026-07-03,VP - VILA PRUDENTE,SIGRC
risco_ocorrencia_alagamento.208,208,2026-01-15,ALAGAMENTO,,POINT (-46.530826900000406 -23.614120915819843),2026-07-03,VP - VILA PRUDENTE,SIGRC
risco_ocorrencia_alagamento.209,209,2026-01-15,ALAGAMENTO,,POINT (-46.49054360000034 -23.619570215828467),2026-07-03,SB - SAPOPEMBA,SIGRC
risco_ocorrencia_alagamento.211,211,2026-01-15,ALAGAMENTO,,POINT (-46.531020600000396 -23.612541115817358),2026-07-03,VP - VILA PRUDENTE,SIGRC
risco_ocorrencia_alagamento.212,212,2026-01-15,ALAGAMENTO,,POINT (-46.52591840000038 -23.612704015817602),2026-07-03,VP - VILA PRUDENTE,SIGRC
risco_ocorrencia_alagamento.213,213,2026-01-15,ALAGAMENTO,,POINT (-46.5282410000004 -23.612939015817982),2026-07-03,VP - VILA PRUDENTE,SIGRC
risco_ocorrencia_alagamento.214,214,2026-01-15,ALAGAMENTO,,POINT (-46.5315460000004 -23.61228361581695),2026-07-03,VP - VILA PRUDENTE,SIGRC
risco_ocorrencia_alagamento.215,215,2026-01-15,ALAGAMENTO,,POINT (-46.75848200000083 -23.661154015893988),2026-07-03,MB - MBOI MIRIM,SIGRC
risco_ocorrencia_alagamento.219,219,2026-01-15,ALAGAMENTO,,POINT (-46.5256807000004 -23.586077515775575),2026-07-03,SB - SAPOPEMBA,SIGRC
risco_ocorrencia_alagamento.243,243,2026-01-16,ALAGAMENTO,,POINT (-46.757575600000834 -23.660841715893497),2026-07-03,MB - MBOI MIRIM,SIGRC
risco_ocorrencia_alagamento.259,259,2026-01-16,ALAGAMENTO,,POINT (-46.5266996000004 -23.585522815774695),2026-07-03,SB - SAPOPEMBA,SIGRC
risco_ocorrencia_alagamento.261,261,2026-01-16,ALAGAMENTO,,POINT (-46.73262030000076 -23.790601416099076),2026-07-03,PA - PARELHEIROS,SIGRC
risco_ocorrencia_alagamento.268,268,2026-01-16,ALAGAMENTO,,POINT (-46.75691870000082 -23.726577915997538),2026-07-03,MB - MBOI MIRIM,SIGRC
risco_ocorrencia_alagamento.269,269,2026-01-16,ALAGAMENTO,,POINT (-46.745879600000784 -23.684545315931004),2026-07-03,MB - MBOI MIRIM,SIGRC
risco_ocorrencia_alagamento.271,271,2026-01-16,ALAGAMENTO,,POINT (-46.546018700000424 -23.530195015687447),2026-07-03,PE - PENHA,SIGRC
risco_ocorrencia_alagamento.272,272,2026-01-16,ALAGAMENTO,,POINT (-46.757932100000836 -23.660494515892946),2026-07-03,CL - CAMPO LIMPO,SIGRC
risco_ocorrencia_alagamento.275,275,2026-01-16,ALAGAMENTO,,POINT (-46.740736500000786 -23.6396942158601),2026-07-03,CL - CAMPO LIMPO,SIGRC
risco_ocorrencia_alagamento.278,278,2026-01-16,ALAGAMENTO,,POINT (-46.741598800000794 -23.634706615852192),2026-07-03,CL - CAMPO LIMPO,SIGRC
risco_ocorrencia_alagamento.279,279,2026-01-16,ALAGAMENTO,,POINT (-46.762255400000846 -23.66862181590579),2026-07-03,CL - CAMPO LIMPO,SIGRC
risco_ocorrencia_alagamento.280,280,2026-01-16,ALAGAMENTO,,POINT (-46.78592780000091 -23.67990621592362),2026-07-03,CL - CAMPO LIMPO,SIGRC
risco_ocorrencia_alagamento.281,281,2026-01-16,ALAGAMENTO,,POINT (-46.65250300000061 -23.455007915569055),2026-07-03,CV - CASA VERDE/CACHOEIRINHA,SIGRC
risco_ocorrencia_alagamento.295,295,2026-01-17,ALAGAMENTO,,POINT (-46.78502080000091 -23.66508281590017),2026-07-03,CL - CAMPO LIMPO,SIGRC
risco_ocorrencia_alagamento.301,301,2026-01-17,ALAGAMENTO,,POINT (-46.65107690000058 -23.650736815877615),2026-07-03,JA - JABAQUARA,SIGRC
risco_ocorrencia_alagamento.305,305,2026-01-17,ALAGAMENTO,,POINT (-46.68705990000066 -23.7739434160727),2026-07-03,CS - CAPELA DO SOCORRO,SIGRC
risco_ocorrencia_alagamento.307,307,2026-01-17,ALAGAMENTO,,POINT (-46.530447800000395 -23.61372481581922),2026-07-03,VP - VILA PRUDENTE,SIGRC
risco_ocorrencia_alagamento.308,308,2026-01-17,ALAGAMENTO,,POINT (-46.53061500000039 -23.614021515819687),2026-07-03,VP - VILA PRUDENTE,SIGRC
risco_ocorrencia_alagamento.309,309,2026-01-17,ALAGAMENTO,,POINT (-46.5292511000004 -23.61366731581913),2026-07-03,VP - VILA PRUDENTE,SIGRC
risco_ocorrencia_alagamento.310,310,2026-01-17,ALAGAMENTO,,POINT (-46.65000540000059 -23.651563215878927),2026-07-03,JA - JABAQUARA,SIGRC
risco_ocorrencia_alagamento.322,322,2026-01-18,ALAGAMENTO,,POINT (-46.405627600000265 -23.491177115626066),2026-07-03,MP - SAO MIGUEL PAULISTA,SIGRC
risco_ocorrencia_alagamento.344,344,2026-01-19,ALAGAMENTO,,POINT (-46.7868783000009 -23.680179415924044),2026-07-03,CL - CAMPO LIMPO,SIGRC
risco_ocorrencia_alagamento.346,346,2026-01-19,ALAGAMENTO,,POINT (-46.5299053000004 -23.613670115819136),2026-07-03,VP - VILA PRUDENTE,SIGRC
risco_ocorrencia_alagamento.351,351,2026-01-19,ALAGAMENTO,,POINT (-46.79142720000094 -23.65199831587948),2026-07-03,CL - CAMPO LIMPO,SIGRC
risco_ocorrencia_alagamento.352,352,2026-01-19,ALAGAMENTO,,POINT (-46.753892100000826 -23.654663115883732),2026-07-03,MB - MBOI MIRIM,SIGRC
risco_ocorrencia_alagamento.356,356,2026-01-19,ALAGAMENTO,,POINT (-46.66519910000062 -23.755564216043563),2026-07-03,PA - PARELHEIROS,SIGRC
risco_ocorrencia_alagamento.362,362,2026-01-19,ALAGAMENTO,,POINT (-46.687885000000676 -23.772357216070176),2026-07-03,CS - CAPELA DO SOCORRO,SIGRC
risco_ocorrencia_alagamento.367,367,2026-01-19,ALAGAMENTO,,POINT (-46.78041940000089 -23.64938431587535),2026-07-03,CL - CAMPO LIMPO,SIGRC
risco_ocorrencia_alagamento.393,393,2026-01-20,ALAGAMENTO,,POINT (-46.409951100000264 -23.549508115717956),2026-07-03,G - GUAIANASES,SIGRC
risco_ocorrencia_alagamento.413,413,2026-01-20,ALAGAMENTO,,POINT (-46.784563400000906 -23.677999515920604),2026-07-03,CL - CAMPO LIMPO,SIGRC
risco_ocorrencia_alagamento.432,432,2026-01-22,ALAGAMENTO,,POINT (-46.7868783000009 -23.680179415924044),2026-07-03,CL - CAMPO LIMPO,SIGRC
risco_ocorrencia_alagamento.448,448,2026-01-25,ALAGAMENTO,,POINT (-46.60850030000053 -23.48748881562016),2026-07-03,ST - SANTANA/TUCURUVI,SIGRC
risco_ocorrencia_alagamento.451,451,2026-01-25,ALAGAMENTO,,POINT (-46.56315500000043 -23.508460415653214),2026-07-03,MG - VILA MARIA/VILA GUILHERME,SIGRC
risco_ocorrencia_alagamento.460,460,2026-01-26,ALAGAMENTO,,POINT (-46.40522230000025 -23.491453215626514),2026-07-03,MP - SAO MIGUEL PAULISTA,SIGRC
risco_ocorrencia_alagamento.461,461,2026-01-26,ALAGAMENTO,,POINT (-46.405259400000254 -23.48982501562395),2026-07-03,MP - SAO MIGUEL PAULISTA,SIGRC
risco_ocorrencia_alagamento.462,462,2026-01-26,ALAGAMENTO,,POINT (-46.551898500000426 -23.53708461569831),2026-07-03,AF - ARICANDUVA/VILA FORMOSA,SIGRC
risco_ocorrencia_alagamento.463,463,2026-01-26,ALAGAMENTO,,POINT (-46.551916300000435 -23.53675741569779),2026-07-03,AF - ARICANDUVA/VILA FORMOSA,SIGRC
risco_ocorrencia_alagamento.464,464,2026-01-26,ALAGAMENTO,,POINT (-46.54716500000042 -23.55011101571884),2026-07-03,AF - ARICANDUVA/VILA FORMOSA,SIGRC
risco_ocorrencia_alagamento.473,473,2026-01-27,ALAGAMENTO,,POINT (-46.57659380000048 -23.455207215569413),2026-07-03,JT - JACANA/TREMEMBE,SIGRC
risco_ocorrencia_alagamento.474,474,2026-01-27,ALAGAMENTO,,POINT (-46.576499600000496 -23.455105715569257),2026-07-03,JT - JACANA/TREMEMBE,SIGRC
risco_ocorrencia_alagamento.475,475,2026-01-27,ALAGAMENTO,,POINT (-46.57677430000046 -23.455358015569654),2026-07-03,JT - JACANA/TREMEMBE,SIGRC
risco_ocorrencia_alagamento.476,476,2026-01-27,ALAGAMENTO,,POINT (-46.576853500000475 -23.455611415570043),2026-07-03,JT - JACANA/TREMEMBE,SIGRC
risco_ocorrencia_alagamento.477,477,2026-01-27,ALAGAMENTO,,POINT (-46.57676110000047 -23.456326315571182),2026-07-03,JT - JACANA/TREMEMBE,SIGRC
risco_ocorrencia_alagamento.479,479,2026-01-27,ALAGAMENTO,,POINT (-46.57779500000046 -23.45646191557139),2026-07-03,JT - JACANA/TREMEMBE,SIGRC
risco_ocorrencia_alagamento.482,482,2026-01-27,ALAGAMENTO,,POINT (-46.745799700000795 -23.572813415754485),2026-07-03,BT - BUTANTA,SIGRC
risco_ocorrencia_alagamento.510,510,2026-01-27,ALAGAMENTO,,POINT (-46.66570080000063 -23.578833415764063),2026-07-03,PI - PINHEIROS,SIGRC
risco_ocorrencia_alagamento.512,512,2026-01-27,ALAGAMENTO,,POINT (-46.742994000000806 -23.567608015746274),2026-07-03,BT - BUTANTA,SIGRC
risco_ocorrencia_alagamento.517,517,2026-01-27,ALAGAMENTO,,POINT (-46.405169500000255 -23.490085015624352),2026-07-03,MP - SAO MIGUEL PAULISTA,SIGRC
risco_ocorrencia_alagamento.541,541,2026-01-28,ALAGAMENTO,,POINT (-46.610230400000525 -23.473217415597713),2026-07-03,ST - SANTANA/TUCURUVI,SIGRC
risco_ocorrencia_alagamento.548,548,2026-01-28,ALAGAMENTO,,POINT (-46.40578710000025 -23.49170611562692),2026-07-03,MP - SAO MIGUEL PAULISTA,SIGRC
risco_ocorrencia_alagamento.549,549,2026-01-28,ALAGAMENTO,,POINT (-46.405678400000255 -23.49253961562823),2026-07-03,MP - SAO MIGUEL PAULISTA,SIGRC
risco_ocorrencia_alagamento.550,550,2026-01-28,ALAGAMENTO,,POINT (-46.405482500000254 -23.49300431562895),2026-07-03,MP - SAO MIGUEL PAULISTA,SIGRC
risco_ocorrencia_alagamento.551,551,2026-01-28,ALAGAMENTO,,POINT (-46.407294100000264 -23.491211315626128),2026-07-03,MP - SAO MIGUEL PAULISTA,SIGRC
risco_ocorrencia_alagamento.554,554,2026-01-28,ALAGAMENTO,,POINT (-46.393081600000244 -23.495695315633192),2026-07-03,IT - ITAIM PAULISTA,SIGRC
risco_ocorrencia_alagamento.559,559,2026-01-28,ALAGAMENTO,,POINT (-46.397067500000254 -23.491092615625952),2026-07-03,MP - SAO MIGUEL PAULISTA,SIGRC
risco_ocorrencia_alagamento.563,563,2026-01-28,ALAGAMENTO,,POINT (-46.387863300000234 -23.492277115627818),2026-07-03,IT - ITAIM PAULISTA,SIGRC
risco_ocorrencia_alagamento.564,564,2026-01-28,ALAGAMENTO,,POINT (-46.384057400000245 -23.495213415632445),2026-07-03,IT - ITAIM PAULISTA,SIGRC
risco_ocorrencia_alagamento.577,577,2026-01-28,ALAGAMENTO,,POINT (-46.386677400000245 -23.491656315626837),2026-07-03,IT - ITAIM PAULISTA,SIGRC
risco_ocorrencia_alagamento.594,594,2026-01-28,ALAGAMENTO,,POINT (-46.386200400000234 -23.4938554156303),2026-07-03,IT - ITAIM PAULISTA,SIGRC
risco_ocorrencia_alagamento.599,599,2026-01-28,ALAGAMENTO,,POINT (-46.38623580000022 -23.493746115630117),2026-07-03,IT - ITAIM PAULISTA,SIGRC
risco_ocorrencia_alagamento.606,606,2026-01-28,ALAGAMENTO,,POINT (-46.39825210000024 -23.491050915625884),2026-07-03,MP - SAO MIGUEL PAULISTA,SIGRC
risco_ocorrencia_alagamento.607,607,2026-01-28,ALAGAMENTO,,POINT (-46.398287900000255 -23.4901033156244),2026-07-03,MP - SAO MIGUEL PAULISTA,SIGRC
risco_ocorrencia_alagamento.608,608,2026-01-28,ALAGAMENTO,,POINT (-46.39616620000025 -23.49261751562835),2026-07-03,MP - SAO MIGUEL PAULISTA,SIGRC
risco_ocorrencia_alagamento.614,614,2026-01-29,ALAGAMENTO,,POINT (-46.39101390000024 -23.496172115633946),2026-07-03,IT - ITAIM PAULISTA,SIGRC
risco_ocorrencia_alagamento.617,617,2026-01-29,ALAGAMENTO,,POINT (-46.38622320000024 -23.5087856156538),2026-07-03,IT - ITAIM PAULISTA,SIGRC
risco_ocorrencia_alagamento.618,618,2026-01-29,ALAGAMENTO,,POINT (-46.39572290000026 -23.49075531562542),2026-07-03,MP - SAO MIGUEL PAULISTA,SIGRC
risco_ocorrencia_alagamento.619,619,2026-01-29,ALAGAMENTO,,POINT (-46.39698260000025 -23.49032491562474),2026-07-03,MP - SAO MIGUEL PAULISTA,SIGRC
risco_ocorrencia_alagamento.626,626,2026-01-29,ALAGAMENTO,,POINT (-46.395898800000246 -23.491625515626776),2026-07-03,MP - SAO MIGUEL PAULISTA,SIGRC
risco_ocorrencia_alagamento.656,656,2026-01-30,ALAGAMENTO,,POINT (-46.405993500000264 -23.491499415626585),2026-07-03,MP - SAO MIGUEL PAULISTA,SIGRC
